{"cameraMode":{"drawMode":0,"name":"Shaded","section":"Shading Mode"},"sceneLighting":true,"audioPlay":false,"sceneViewState":{"showFog":true,"showMaterialUpdate":false,"showSkybox":true,"showFlares":true,"showImageEffects":true,"showParticleSystems":true,"showVisualEffectGraphs":true,"m_FxEnabled":true},"in2DMode":false,"pivot":{"x":360.585205078125,"y":281.9155578613281,"z":266.4085388183594},"rotation":{"x":0.012897642329335213,"y":-0.005999465938657522,"z":0.00007738922431599349,"w":0.9998994469642639},"size":315.5854797363281,"orthographic":false}